﻿pos_x,pos_y,rotation,side,designator,mpn,pack,value,mount_type,place
108.458,-112.268,0.0,top,C1,,C_0805_2012Metric,1uF 50v,smt,True
112.268,-111.76,180.0,top,C2,,C_0805_2012Metric,47nF 50V,smt,True
113.284,-117.094,0.0,top,C3,,C_0805_2012Metric,0.1uf 50v,smt,True
107.188,-123.952,-90.0,top,C4,,C_Elec_10x10.2,330uf 50v,smt,True
110.744,-107.95,180.0,top,C5,,C_0805_2012Metric,22uF 10v,smt,True
114.46,-107.95,180.0,top,C6,,C_0805_2012Metric,1uF 6.3V,smt,True
125.73,-114.3,-90.0,top,C7,,C_0805_2012Metric,1uF 6.3v,smt,True
103.886,-84.836,180.0,top,D1,,LED_D3.0mm,3mm Red,tht,True
134.869,-84.836,0.0,top,D2,,LED_D3.0mm,3mm Grn,tht,True
103.886,-135.636,90.0,top,J1,,PinHeader_1x04_P2.54mm_Vertical,Conn_01x04_Pin,tht,True
115.48,-135.636,90.0,top,J2,,PinHeader_1x04_P2.54mm_Vertical,Conn_01x04_Pin,tht,True
127.0,-135.636,90.0,top,J3,,PinHeader_1x04_P2.54mm_Vertical,Conn_01x04_Pin,tht,True
101.854,-108.468,0.0,top,J4,,PinHeader_1x04_P2.54mm_Vertical,Conn_01x04_Pin,tht,True
137.922,-108.468,0.0,top,J5,,PinHeader_1x04_P2.54mm_Vertical,Conn_01x04_Pin,tht,True
130.705,-84.328,-90.0,top,J6,,PinHeader_1x10_P2.54mm_Vertical,Conn_01x10_Pin,tht,True
106.68,-109.728,0.0,top,R1,,R_0805_2012Metric,22R,smt,True
137.668,-89.916,90.0,top,R2,,R_0805_2012Metric,1.54k,smt,True
128.27,-97.282,0.0,top,R3,,R_0805_2012Metric,5k,smt,True
128.27,-101.6,0.0,top,R4,,R_0805_2012Metric,5k,smt,True
101.092,-89.916,90.0,top,R5,,R_0805_2012Metric,1.6k,smt,True
119.28,-112.268,0.0,top,U1,,VQFN40_RGF_TEX,MCF8316A1VRGFR,smt,True
