﻿designator,quantity,value,pack,mpn,mount_type
C1,1,1uF 50v,C_0805_2012Metric,,smt
C2,1,47nF 50V,C_0805_2012Metric,,smt
C3,1,0.1uf 50v,C_0805_2012Metric,,smt
C4,1,330uf 50v,C_Elec_10x10.2,,smt
C5,1,22uF 10v,C_0805_2012Metric,,smt
C6,1,1uF 6.3V,C_0805_2012Metric,,smt
C7,1,1uF 6.3v,C_0805_2012Metric,,smt
D1,1,3mm Red,LED_D3.0mm,,tht
D2,1,3mm Grn,LED_D3.0mm,,tht
"J1, J2, J3, J4, J5",5,Conn_01x04_Pin,PinHeader_1x04_P2.54mm_Vertical,,tht
J6,1,Conn_01x10_Pin,PinHeader_1x10_P2.54mm_Vertical,,tht
R1,1,22R,R_0805_2012Metric,,smt
R2,1,1.54k,R_0805_2012Metric,,smt
"R3, R4",2,5k,R_0805_2012Metric,,smt
R5,1,1.6k,R_0805_2012Metric,,smt
U1,1,MCF8316A1VRGFR,VQFN40_RGF_TEX,,smt
