﻿designator,quantity,value,pack,mpn,mount_type
AC1201,1,LSM6DSOTR,LGA-14_2.5X3X0.86_,LSM6DSOTR,smt
"C1, C25, C5",3,100nF,C_0805_2012Metric_Pad1.18x1.45mm_HandSolder,GCM21BR72A104KA37L,smt
C10,1,DNP,CP_Elec_10x12.5,,smt
"C11, C12",2,4.7uF,C_1206_3216Metric,CL31B475KBHNFNE,smt
"C13, C14",2,1uF,C_0805_2012Metric,CL21B105KBFNNNE,smt
"C15, C18, C19, C24, C26",5,0.1uF,C_0603_1608Metric,CL10B104KC8NNNC,smt
"C16, C20, C21, C22",4,22uF,C_1206_3216Metric,CL31B226MPHNNNE,smt
C17,1,2.2uF,C_0603_1608Metric,CL10A225KQ8NNNC,smt
"C2, C3, C4, C6, C7, C8",6,220uF,CP_Radial_D10.0mm_P5.00mm,LKME1251J221MF,tht
"C23, C9",2,680uF,CP_Elec_10x12.5,GVM1V681M1010,smt
D1,1,D_Schottky,D_SOD-123F,AS160-M,smt
"D10, D11, D12, D4, D5, D6, D7, D8, D9",9,DNP,D_SMB,,smt
"D13, D14",2,DNP,D_SOD-123F,,smt
"D15, D16, D2, D3",4,D_Schottky,D_SMA_Handsoldering,SB54AFC_R1_00001,smt
D17,1,DNP,D_0402_1005Metric_Pad0.77x0.64mm_HandSolder,,smt
"D18, D19, D20",3,DNP,D_SMA,,smt
D23,1,LED,LED_0805_2012Metric,CMD17-21VGD/TR8,smt
D25,1,WS2812B,LED_WS2812B_PLCC4_5.0x5.0mm_P3.2mm,COM-16347,smt
"F2, F4",2,Fuse,Fuseholder5x20_horiz_open_inline_Type-I,https://aliexpress.com/item/4000318714025.html,tht
IC1,1,"74ALVC164245DGG,11",SOP50P810X120-48N,74ALVC164245DGG:11,smt
IC2,1,TSC101CILT,SOT95P280X145-5N,TSC101CILT,smt
IC3,1,MAX20405AFOF_VY+T,MAX2040,MAX20405AFOD/VY+,smt
J1,1,Conn_01x02_Pin,JST_XH_B2B-XH-AM_1x02_P2.50mm_Vertical,,tht
"J11, J12, J13, J14",4,Conn_01x03_Male,JST_XH_B3B-XH-A_1x03_P2.50mm_Vertical,B3B-XH-AM(LF)(SN),tht
J17,1,Conn_01x02,JST_XH_B2B-XH-A_1x02_P2.50mm_Vertical,B2B-XH-A-GU,tht
"J19, J5, J6",3,Conn_01x04,JST_XH_B4B-XH-A_1x04_P2.50mm_Vertical,B4B-XH-A(LF)(SN),tht
J2,1,Conn_02x04_Top_Bottom,Molex_Mini-Fit_Jr_5566-08A_2x04_P4.20mm_Vertical,0039310080,tht
J21,1,Raspberry_Pi_2_3,RPi_40Pin_Fan_Courtyard,NPPC202KFMS-RC,smt
J22,1,Conn_02x04_Odd_Even,PinHeader_2x04_P2.54mm_Vertical,PZ254-2-04-Z-8.5,tht
J3,1,Conn_01x02,Molex_Mini-Fit_Jr_5566-02A_2x01_P4.20mm_Vertical,0039293026,tht
J51,1,Conn_01x05_Socket,JST_XH_B4B-XH-AM_1x04_P2.50mm_Vertical,,tht
J52,1,Conn_01x05_Socket,JST_XH_B5B-XH-A_1x05_P2.50mm_Vertical,,tht
"JC1, JL1, JR1",3,Conn_01x03_Pin,Molex_KK-254_AE-6410-03A_1x03_P2.54mm_Vertical,,tht
"JP10, JP11",2,I2C_OR_TTL,SolderJumper-3_P1.3mm_Bridged12_Pad1.0x1.5mm,,tht
"JP4, JP5",2,SolderJumper_3_Bridged12,SolderJumper-3_P1.3mm_Bridged12_Pad1.0x1.5mm,,tht
"JP6, JP7, JP8",3,SolderJumper_2_Bridged,SolderJumper-2_P1.3mm_Bridged_RoundedPad1.0x1.5mm,,tht
JP9,1,SolderJumper_2_Open,SolderJumper-2_P1.3mm_Open_RoundedPad1.0x1.5mm,,tht
L1,1,4.7uH 5A,L_Vishay_IHLP-2525,74437349047,smt
M1,1,Fan,PinHeader_1x02_P2.54mm_Vertical,DZ254R-11-02-63,tht
"Q3, Q5",2,BSS138,SOT-23,AP2300,smt
Q6,1,Q_PMOS_GDS,TO-252-2,IRFR5505TRPBF,smt
"R1, R12, R2, R26, R28, R4, R40, R42, R48, R50",10,10k,R_0805_2012Metric_Pad1.20x1.40mm_HandSolder,RMCF0805FG10K0,smt
R11,1,53k6 1%,R_0805_2012Metric_Pad1.20x1.40mm_HandSolder,RMCF0805FT53K6,smt
"R13, R18, R41, R43, R45, R47, R7",7,1k,R_0805_2012Metric_Pad1.20x1.40mm_HandSolder,RC0805FR-071KL,smt
"R14, R17",2,4k7,R_0805_2012Metric_Pad1.20x1.40mm_HandSolder,,smt
"R27, R5",2,150,R_0805_2012Metric_Pad1.20x1.40mm_HandSolder,RC0805FR-07150RL,smt
"R44, R46",2,47k,R_0805_2012Metric_Pad1.20x1.40mm_HandSolder,RC0805FR-0747KL,smt
R49,1,4k7,R_0805_2012Metric_Pad1.20x1.40mm_HandSolder,RC0805FR-074K7L,smt
R51,1,0.003R,R_2512_6332Metric_Pad1.40x3.35mm_HandSolder,PMR100HZPFV3L00,smt
R8,1,DNP,R_0805_2012Metric_Pad1.20x1.40mm_HandSolder,,smt
SW1,1,MK-11C04-G013,SW-SMD_MK-11C04-G013,,smt
"TP1, TP2, TP5",3,TestPoint,TestPoint_Pad_D2.0mm,,tht
"U10, U9",2,74HC4051,SSOP-16_4.4x5.2mm_P0.65mm,"74HC4051PW,118",smt
U11,1,Pico,Raspberry_Pi_Pico_SMT_THT,SC0915,tht
U2,1,MCP604,SOIC-14_3.9x8.7mm_P1.27mm,MCP604T-E/SL,smt
U3,1,SIP32509DT,SOT-23-6,SIP32509DT-T1-GE3,smt
"U4, U5, U6",3,xESC2,xESC2,,tht
U7,1,SN74LV1T34DBV,SOT-23-5,SN74LV1T34DBVRG4,smt
WT901,1,Conn_02x06_Female,WT901,,smt
