﻿pos_x,pos_y,rotation,side,designator,mpn,pack,value,mount_type,place
129.075,38.355,0.0,top,AC1201,LSM6DSOTR,LGA-14_2.5X3X0.86_,LSM6DSOTR,smt,True
13.2725,28.86,90.0,top,C1,GCM21BR72A104KA37L,C_0805_2012Metric_Pad1.18x1.45mm_HandSolder,100nF,smt,True
206.545,40.895,-90.0,top,C10,,CP_Elec_10x12.5,DNP,smt,True
183.636,33.705,-90.0,top,C11,CL31B475KBHNFNE,C_1206_3216Metric,4.7uF,smt,True
170.936,31.575,-90.0,top,C12,CL31B475KBHNFNE,C_1206_3216Metric,4.7uF,smt,True
172.89,38.99,90.0,top,C13,CL21B105KBFNNNE,C_0805_2012Metric,1uF,smt,True
186.86,33.275,-90.0,top,C14,CL21B105KBFNNNE,C_0805_2012Metric,1uF,smt,True
185.59,38.99,90.0,top,C15,CL10B104KC8NNNC,C_0603_1608Metric,0.1uF,smt,True
169.08,26.085,90.0,top,C16,CL31B226MPHNNNE,C_1206_3216Metric,22uF,smt,True
173.476,30.1,-90.0,top,C17,CL10A225KQ8NNNC,C_0603_1608Metric,2.2uF,smt,True
174.795,25.515,90.0,top,C18,CL10B104KC8NNNC,C_0603_1608Metric,0.1uF,smt,True
172.255,25.515,90.0,top,C19,CL10B104KC8NNNC,C_0603_1608Metric,0.1uF,smt,True
151.38,150.04,0.0,top,C2,LKME1251J221MF,CP_Radial_D10.0mm_P5.00mm,220uF,tht,True
165.27,26.085,90.0,top,C20,CL31B226MPHNNNE,C_1206_3216Metric,22uF,smt,True
160.825,26.085,90.0,top,C21,CL31B226MPHNNNE,C_1206_3216Metric,22uF,smt,True
155.745,26.085,90.0,top,C22,CL31B226MPHNNNE,C_1206_3216Metric,22uF,smt,True
165.905,48.515,-90.0,top,C23,GVM1V681M1010,CP_Elec_10x12.5,680uF,smt,True
129.075,42.165,180.0,top,C24,CL10B104KC8NNNC,C_0603_1608Metric,0.1uF,smt,True
174.795,49.15,180.0,top,C25,GCM21BR72A104KA37L,C_0805_2012Metric_Pad1.18x1.45mm_HandSolder,100nF,smt,True
129.075,34.545,0.0,top,C26,CL10B104KC8NNNC,C_0603_1608Metric,0.1uF,smt,True
151.472323,72.085,0.0,top,C3,LKME1251J221MF,CP_Radial_D10.0mm_P5.00mm,220uF,tht,False
151.38,102.49,0.0,top,C4,LKME1251J221MF,CP_Radial_D10.0mm_P5.00mm,220uF,tht,True
244.01,52.325,180.0,top,C5,GCM21BR72A104KA37L,C_0805_2012Metric_Pad1.18x1.45mm_HandSolder,100nF,smt,True
151.3,138.05,0.0,top,C6,LKME1251J221MF,CP_Radial_D10.0mm_P5.00mm,220uF,tht,False
151.472323,83.44,0.0,top,C7,LKME1251J221MF,CP_Radial_D10.0mm_P5.00mm,220uF,tht,True
151.38,113.92,0.0,top,C8,LKME1251J221MF,CP_Radial_D10.0mm_P5.00mm,220uF,tht,True
193.845,40.26,-90.0,top,C9,GVM1V681M1010,CP_Elec_10x12.5,680uF,smt,True
14.25,138.645,180.0,top,D1,AS160-M,D_SOD-123F,D_Schottky,smt,True
202.1,72.085,-90.0,top,D10,,D_SMB,DNP,smt,True
202.1,82.88,-90.0,top,D11,,D_SMB,DNP,smt,True
194.48,77.555,-90.0,top,D12,,D_SMB,DNP,smt,True
238.93,52.96,90.0,top,D13,,D_SOD-123F,DNP,smt,True
143.68,73.915,0.0,top,D14,,D_SOD-123F,DNP,smt,True
206.44,54.27,90.0,top,D15,SB54AFC_R1_00001,D_SMA_Handsoldering,D_Schottky,smt,True
210.99,54.27,90.0,top,D16,SB54AFC_R1_00001,D_SMA_Handsoldering,D_Schottky,smt,True
162.095,32.64,0.0,top,D17,,D_0402_1005Metric_Pad0.77x0.64mm_HandSolder,DNP,smt,True
186.86,84.71,0.0,top,D18,,D_SMA,DNP,smt,True
186.86,116.46,0.0,top,D19,,D_SMA,DNP,smt,True
202.1,54.23,-90.0,top,D2,SB54AFC_R1_00001,D_SMA_Handsoldering,D_Schottky,smt,True
186.86,147.575,0.0,top,D20,,D_SMA,DNP,smt,True
144.315,82.17,0.0,top,D23,CMD17-21VGD/TR8,LED_0805_2012Metric,LED,smt,True
186.225,52.325,180.0,top,D25,COM-16347,LED_WS2812B_PLCC4_5.0x5.0mm_P3.2mm,WS2812B,smt,True
197.655,54.23,90.0,top,D3,SB54AFC_R1_00001,D_SMA_Handsoldering,D_Schottky,smt,True
202.1,134.8,-90.0,top,D4,,D_SMB,DNP,smt,True
202.1,145.67,-90.0,top,D5,,D_SMB,DNP,smt,True
194.48,139.88,-90.0,top,D6,,D_SMB,DNP,smt,True
202.1,103.76,-90.0,top,D7,,D_SMB,DNP,smt,True
202.1,114.555,-90.0,top,D8,,D_SMB,DNP,smt,True
194.48,108.84,-90.0,top,D9,,D_SMB,DNP,smt,True
222.235,25.02,180.0,top,F2,https://aliexpress.com/item/4000318714025.html,Fuseholder5x20_horiz_open_inline_Type-I,Fuse,tht,True
221.785,54.415,90.0,top,F4,https://aliexpress.com/item/4000318714025.html,Fuseholder5x20_horiz_open_inline_Type-I,Fuse,tht,True
130.27,116.458,-90.0,top,IC1,74ALVC164245DGG:11,SOP50P810X120-48N,"74ALVC164245DGG,11",smt,True
241.155,38.385,-90.0,top,IC2,TSC101CILT,SOT95P280X145-5N,TSC101CILT,smt,True
177.628,33.59,180.0,top,IC3,MAX20405AFOD/VY+,MAX2040,MAX20405AFOF_VY+T,smt,True
223.165,124.735,90.0,top,J1,,JST_XH_B2B-XH-AM_1x02_P2.50mm_Vertical,Conn_01x02_Pin,tht,True
125.305,153.18,0.0,top,J11,B3B-XH-AM(LF)(SN),JST_XH_B3B-XH-A_1x03_P2.50mm_Vertical,Conn_01x03_Male,tht,True
125.305,144.925,0.0,top,J12,B3B-XH-AM(LF)(SN),JST_XH_B3B-XH-A_1x03_P2.50mm_Vertical,Conn_01x03_Male,tht,True
125.345,136.78,0.0,top,J13,B3B-XH-AM(LF)(SN),JST_XH_B3B-XH-A_1x03_P2.50mm_Vertical,Conn_01x03_Male,tht,True
125.305,129.05,0.0,top,J14,B3B-XH-AM(LF)(SN),JST_XH_B3B-XH-A_1x03_P2.50mm_Vertical,Conn_01x03_Male,tht,True
40.045,132.91,-90.0,top,J17,B2B-XH-A-GU,JST_XH_B2B-XH-A_1x02_P2.50mm_Vertical,Conn_01x02,tht,True
101.88,124.775,90.0,top,J19,B4B-XH-A(LF)(SN),JST_XH_B4B-XH-A_1x04_P2.50mm_Vertical,Conn_01x04,tht,True
216.92,33.325,90.0,top,J2,0039310080,Molex_Mini-Fit_Jr_5566-08A_2x04_P4.20mm_Vertical,Conn_02x04_Top_Bottom,tht,True
81.81,53.595,90.0,top,J21,NPPC202KFMS-RC,RPi_40Pin_Fan_Courtyard,Raspberry_Pi_2_3,smt,True
2.185,131.025,180.0,top,J22,PZ254-2-04-Z-8.5,PinHeader_2x04_P2.54mm_Vertical,Conn_02x04_Odd_Even,tht,True
188.69,25.02,90.0,top,J3,0039293026,Molex_Mini-Fit_Jr_5566-02A_2x01_P4.20mm_Vertical,Conn_01x02,tht,True
139.76,152.575,-90.0,top,J5,B4B-XH-A(LF)(SN),JST_XH_B4B-XH-A_1x04_P2.50mm_Vertical,Conn_01x04,tht,True
0.39,146.325,90.0,top,J51,,JST_XH_B4B-XH-AM_1x04_P2.50mm_Vertical,Conn_01x05_Socket,tht,True
11.075,145.115,90.0,top,J52,,JST_XH_B5B-XH-A_1x05_P2.50mm_Vertical,Conn_01x05_Socket,tht,True
139.76,136.085,-90.0,top,J6,B4B-XH-A(LF)(SN),JST_XH_B4B-XH-A_1x04_P2.50mm_Vertical,Conn_01x04,tht,True
223.67,114.555,-90.0,top,JC1,,Molex_KK-254_AE-6410-03A_1x03_P2.54mm_Vertical,Conn_01x03_Pin,tht,True
223.67,144.4,-90.0,top,JL1,,Molex_KK-254_AE-6410-03A_1x03_P2.54mm_Vertical,Conn_01x03_Pin,tht,True
140.475,29.465,0.0,top,JP10,,SolderJumper-3_P1.3mm_Bridged12_Pad1.0x1.5mm,I2C_OR_TTL,tht,False
140.505,32.64,0.0,top,JP11,,SolderJumper-3_P1.3mm_Bridged12_Pad1.0x1.5mm,I2C_OR_TTL,tht,False
182.396,25.02,180.0,top,JP4,,SolderJumper-3_P1.3mm_Bridged12_Pad1.0x1.5mm,SolderJumper_3_Bridged12,tht,False
165.856,32.64,-90.0,top,JP5,,SolderJumper-3_P1.3mm_Bridged12_Pad1.0x1.5mm,SolderJumper_3_Bridged12,tht,False
165.27,58.04,0.0,top,JP6,,SolderJumper-2_P1.3mm_Bridged_RoundedPad1.0x1.5mm,SolderJumper_2_Bridged,tht,True
12.87,48.53,90.0,top,JP7,,SolderJumper-2_P1.3mm_Bridged_RoundedPad1.0x1.5mm,SolderJumper_2_Bridged,tht,False
-4.165,136.09,90.0,top,JP8,,SolderJumper-2_P1.3mm_Bridged_RoundedPad1.0x1.5mm,SolderJumper_2_Bridged,tht,False
139.87,99.95,90.0,top,JP9,,SolderJumper-2_P1.3mm_Open_RoundedPad1.0x1.5mm,SolderJumper_2_Open,tht,True
223.69,89.155,-90.0,top,JR1,,Molex_KK-254_AE-6410-03A_1x03_P2.54mm_Vertical,Conn_01x03_Pin,tht,True
178.556,42.8,90.0,top,L1,74437349047,L_Vishay_IHLP-2525,4.7uH 5A,smt,True
15.52,132.3,0.0,top,M1,DZ254R-11-02-63,PinHeader_1x02_P2.54mm_Vertical,Fan,tht,True
9.17,132.295,0.0,top,Q3,AP2300,SOT-23,BSS138,smt,True
255.44,43.435,180.0,top,Q5,AP2300,SOT-23,BSS138,smt,True
250.735,33.315,-90.0,top,Q6,IRFR5505TRPBF,TO-252-2,Q_PMOS_GDS,smt,True
12.87,58.07,-90.0,top,R1,RMCF0805FG10K0,R_0805_2012Metric_Pad1.20x1.40mm_HandSolder,10k,smt,True
163.316,37.72,-90.0,top,R11,RMCF0805FT53K6,R_0805_2012Metric_Pad1.20x1.40mm_HandSolder,53k6 1%,smt,True
168.396,37.72,180.0,top,R12,RMCF0805FG10K0,R_0805_2012Metric_Pad1.20x1.40mm_HandSolder,10k,smt,True
19.33,149.44,0.0,top,R13,RC0805FR-071KL,R_0805_2012Metric_Pad1.20x1.40mm_HandSolder,1k,smt,True
129.44,31.37,180.0,top,R14,,R_0805_2012Metric_Pad1.20x1.40mm_HandSolder,4k7,smt,False
129.44,28.195,180.0,top,R17,,R_0805_2012Metric_Pad1.20x1.40mm_HandSolder,4k7,smt,False
144.315,78.995,0.0,top,R18,RC0805FR-071KL,R_0805_2012Metric_Pad1.20x1.40mm_HandSolder,1k,smt,True
12.87,53.625,90.0,top,R2,RMCF0805FG10K0,R_0805_2012Metric_Pad1.20x1.40mm_HandSolder,10k,smt,True
249.36,47.47,0.0,top,R26,RMCF0805FG10K0,R_0805_2012Metric_Pad1.20x1.40mm_HandSolder,10k,smt,True
249.36,42.165,0.0,top,R27,RC0805FR-07150RL,R_0805_2012Metric_Pad1.20x1.40mm_HandSolder,150,smt,True
249.4,44.705,0.0,top,R28,RMCF0805FG10K0,R_0805_2012Metric_Pad1.20x1.40mm_HandSolder,10k,smt,True
9.17,138.645,0.0,top,R4,RMCF0805FG10K0,R_0805_2012Metric_Pad1.20x1.40mm_HandSolder,10k,smt,True
144.315,85.345,0.0,top,R40,RMCF0805FG10K0,R_0805_2012Metric_Pad1.20x1.40mm_HandSolder,10k,smt,True
141.14,82.17,90.0,top,R41,RC0805FR-071KL,R_0805_2012Metric_Pad1.20x1.40mm_HandSolder,1k,smt,True
215.435,55.5,90.0,top,R42,RMCF0805FG10K0,R_0805_2012Metric_Pad1.20x1.40mm_HandSolder,10k,smt,True
13.505,43.465,90.0,top,R43,RC0805FR-071KL,R_0805_2012Metric_Pad1.20x1.40mm_HandSolder,1k,smt,True
144.045,101.855,0.0,top,R44,RC0805FR-0747KL,R_0805_2012Metric_Pad1.20x1.40mm_HandSolder,47k,smt,True
143.68,104.58,0.0,top,R45,RC0805FR-071KL,R_0805_2012Metric_Pad1.20x1.40mm_HandSolder,1k,smt,True
143.68,108.205,180.0,top,R46,RC0805FR-0747KL,R_0805_2012Metric_Pad1.20x1.40mm_HandSolder,47k,smt,True
143.68,98.68,0.0,top,R47,RC0805FR-071KL,R_0805_2012Metric_Pad1.20x1.40mm_HandSolder,1k,smt,True
143.68,95.73,180.0,top,R48,RMCF0805FG10K0,R_0805_2012Metric_Pad1.20x1.40mm_HandSolder,10k,smt,True
143.41,92.78,180.0,top,R49,RC0805FR-074K7L,R_0805_2012Metric_Pad1.20x1.40mm_HandSolder,4k7,smt,True
9.17,136.105,180.0,top,R5,RC0805FR-07150RL,R_0805_2012Metric_Pad1.20x1.40mm_HandSolder,150,smt,True
143.68,89.83,0.0,top,R50,RMCF0805FG10K0,R_0805_2012Metric_Pad1.20x1.40mm_HandSolder,10k,smt,True
242.74,45.34,90.0,top,R51,PMR100HZPFV3L00,R_2512_6332Metric_Pad1.40x3.35mm_HandSolder,0.003R,smt,True
19.33,146.265,0.0,top,R7,RC0805FR-071KL,R_0805_2012Metric_Pad1.20x1.40mm_HandSolder,1k,smt,True
177.97,26.925,-90.0,top,R8,,R_0805_2012Metric_Pad1.20x1.40mm_HandSolder,DNP,smt,True
20.6,154.52,180.0,top,SW1,,SW-SMD_MK-11C04-G013,MK-11C04-G013,smt,True
130.345,79.63,0.0,top,TP1,,TestPoint_Pad_D2.0mm,TestPoint,tht,True
129.075,85.98,0.0,top,TP2,,TestPoint_Pad_D2.0mm,TestPoint,tht,True
245.28,38.99,0.0,top,TP5,,TestPoint_Pad_D2.0mm,TestPoint,tht,True
133.52,105.03,180.0,top,U10,"74HC4051PW,118",SSOP-16_4.4x5.2mm_P0.65mm,74HC4051,smt,True
111.93,57.79,180.0,top,U11,SC0915,Raspberry_Pi_Pico_SMT_THT,Pico,tht,True
134.09,94.87,180.0,top,U2,MCP604T-E/SL,SOIC-14_3.9x8.7mm_P1.27mm,MCP604,smt,True
19.33,138.645,0.0,top,U3,SIP32509DT-T1-GE3,SOT-23-6,SIP32509DT,smt,True
186.855,125.35,0.0,top,U4,,xESC2,xESC2,tht,True
186.855,93.6,0.0,top,U5,,xESC2,xESC2,tht,True
186.855,61.85,0.0,top,U6,,xESC2,xESC2,tht,True
178.605,52.915,0.0,top,U7,SN74LV1T34DBVRG4,SOT-23-5,SN74LV1T34DBV,smt,True
122.725,105.03,0.0,top,U9,"74HC4051PW,118",SSOP-16_4.4x5.2mm_P0.65mm,74HC4051,smt,True
141.775,31.37,90.0,top,WT901,,WT901,Conn_02x06_Female,smt,False
